,CampaignID,CampaignName,AdvertiserName,Impressions,Clicks,TotalSpend,CTR_percent
0,803,Campaign_803,Advertiser_80,1,1.0,1.4500000476837158,100.0
1,309,Campaign_309,Advertiser_33,1,1.0,4.070000171661377,100.0
2,634,Campaign_634,Advertiser_64,1,1.0,3.680000066757202,100.0
3,955,Campaign_955,Advertiser_95,1,1.0,3.880000114440918,100.0
4,822,Campaign_822,Advertiser_83,1,1.0,3.7699999809265137,100.0
